keys,PL,Almaty
agriculture_final_demand_electricity_demand,6596.104,7.281386501
agriculture_final_demand_network_gas_demand,1917.76,2.642679705
agriculture_final_demand_steam_hot_water_demand,770,5.619789981
agriculture_final_demand_wood_pellets_demand,19617.5,0.031871006
input_agriculture_final_demand_crude_oil_demand,99982.49,34.77358885
agriculture_final_demand_hydrogen_demand,0,0
input_percentage_of_diesel_agriculture_final_demand_crude_oil,0.965519062,0.97
input_percentage_of_biodiesel_agriculture_final_demand_crude_oil,0,0
input_percentage_of_kerosene_agriculture_final_demand_crude_oil,0,0
input_percentage_of_bio_kerosene_agriculture_final_demand_crude_oil,0,0
input_percentage_of_lpg_agriculture_final_demand_crude_oil,0.029905236,0.03
input_percentage_of_bio_oil_agriculture_final_demand_crude_oil,0,0
input_percentage_of_crude_oil_agriculture_final_demand_crude_oil,0.004575701,0
buildings_final_demand_electricity_buildings_final_demand_for_lighting_electricity_parent_share,0.257771957,0.257771957
buildings_final_demand_electricity_buildings_final_demand_for_space_heating_electricity_parent_share,0.310424524,0.310424524
buildings_final_demand_electricity_buildings_final_demand_for_appliances_electricity_parent_share,0.405756442,0.405756442
buildings_final_demand_electricity_buildings_final_demand_for_cooling_electricity_parent_share,0.026047077,0.026047077
buildings_final_demand_network_gas_buildings_final_demand_for_appliances_network_gas_parent_share,0.255055331,0.255055331
buildings_final_demand_network_gas_buildings_final_demand_for_space_heating_network_gas_parent_share,0.744606996,0.744606996
buildings_final_demand_network_gas_buildings_final_demand_for_cooling_network_gas_parent_share,0.000337673,0.000337673
buildings_final_demand_wood_pellets_buildings_final_demand_for_space_heating_wood_pellets_parent_share,0.916411084,0.916411084
buildings_final_demand_wood_pellets_buildings_final_demand_for_appliances_wood_pellets_parent_share,0.083588916,0.083588916
buildings_final_demand_coal_buildings_final_demand_for_space_heating_coal_parent_share,0.95717688,0.95717688
buildings_final_demand_coal_buildings_final_demand_for_appliances_coal_parent_share,0.04282312,0.04282312
buildings_final_demand_crude_oil_buildings_final_demand_for_space_heating_crude_oil_parent_share,0.79501202,0.79501202
buildings_final_demand_crude_oil_buildings_final_demand_for_appliances_crude_oil_parent_share,0.20498798,0.20498798
buildings_final_demand_for_space_heating_network_gas_buildings_space_heater_heatpump_air_water_network_gas_parent_share,0,0
buildings_final_demand_for_space_heating_network_gas_buildings_space_heater_hybrid_heatpump_air_water_electricity_parent_share,0,0
buildings_final_demand_for_space_heating_network_gas_buildings_space_heater_network_gas_parent_share,1,1
buildings_final_demand_for_space_heating_electricity_buildings_space_heater_collective_heatpump_water_water_ts_electricity_parent_share,0.042626654,0.042626654
buildings_final_demand_for_space_heating_electricity_buildings_space_heater_heatpump_air_water_electricity_parent_share,0.128032919,0.128032919
buildings_final_demand_for_space_heating_electricity_buildings_space_heater_hybrid_heatpump_air_water_electricity_parent_share,0,0
buildings_final_demand_for_space_heating_electricity_buildings_space_heater_electricity_parent_share,0.829340426,0.829340426
buildings_final_demand_for_lighting_electricity_buildings_lighting_efficient_fluorescent_electricity_parent_share,0.05,0.05
buildings_final_demand_for_lighting_electricity_buildings_lighting_standard_fluorescent_electricity_parent_share,0.94,0.94
buildings_final_demand_for_lighting_electricity_buildings_lighting_led_electricity_parent_share,0.01,0.01
buildings_final_demand_for_cooling_electricity_buildings_cooling_airconditioning_electricity_parent_share,0.99,0.99
buildings_final_demand_for_cooling_electricity_buildings_cooling_heatpump_air_water_electricity_parent_share,0,0
buildings_final_demand_for_cooling_electricity_buildings_cooling_collective_heatpump_water_water_ts_electricity_parent_share,0.01,0.01
input_buildings_solar_pv_demand,0,0
buildings_final_demand_solar_thermal_demand,245.044,0
input_buildings_electricity_demand,158407.273,734.4
buildings_final_demand_network_gas_demand,59259.069,174.8571429
buildings_final_demand_steam_hot_water_demand,44694.037,2273.142857
buildings_final_demand_wood_pellets_demand,7306.694,0
buildings_final_demand_coal_demand,20567.021,314.7428571
input_buildings_final_demand_crude_oil_demand,17146.039,0
input_percentage_of_diesel_buildings_final_demand_crude_oil,0.795874371,0.8
input_percentage_of_biodiesel_buildings_final_demand_crude_oil,0,0
input_percentage_of_kerosene_buildings_final_demand_crude_oil,7.02E-05,0
input_percentage_of_bio_kerosene_buildings_final_demand_crude_oil,0,0
input_percentage_of_lpg_buildings_final_demand_crude_oil,0.201470205,0.2
input_percentage_of_bio_oil_buildings_final_demand_crude_oil,0,0
input_percentage_of_crude_oil_buildings_final_demand_crude_oil,0,0
number_of_buildings,934516.5459,38600
buildings_roof_surface_available_for_pv,202.242724,42.44230264
input_buildings_heat_demand_reduction,0,0
input_transport_ship_diesel_demand,78.69,0
input_transport_ship_biodiesel_demand,0,0
transport_final_demand_for_shipping_lng_demand,0,0
transport_final_demand_for_shipping_bio_lng_demand,0,0
transport_final_demand_heavy_fuel_oil_demand,0,0
bunkers_total_useful_demand_ships_demand,11550.648,0
input_transport_rail_electricity_demand,11327.774,27.756
input_transport_rail_diesel_demand,3615.827,0
input_transport_rail_biodiesel_demand,0,0
transport_final_demand_coal_demand,0,0
transport_final_demand_for_rail_electricity_transport_freight_train_using_electricity_parent_share,0.287999371,0.287999371
transport_final_demand_for_rail_electricity_transport_tram_using_electricity_parent_share,0.070314109,0.070314109
transport_final_demand_for_rail_electricity_transport_passenger_train_using_electricity_parent_share,0.64168652,0.64168652
transport_rail_mixer_diesel_transport_freight_train_using_diesel_mix_parent_share,0.623801666,0.623801666
transport_rail_mixer_diesel_transport_passenger_train_using_diesel_mix_parent_share,0.376198334,0.376198334
transport_final_demand_kerosene_demand,1240.292,0
input_transport_plane_gasoline_demand,175.912,0
input_transport_plane_bio_ethanol_demand,0,0
bunkers_total_useful_demand_planes_demand,45054.664,0
number_of_cars,23026982.46,554000
input_transport_road_human_powered_bicycle_demand,,0
input_transport_road_gasoline_demand,189900.599,42673.14301
input_transport_road_diesel_demand,598364.393,1651.004597
transport_final_demand_lpg_demand,89010,48.8200284
input_transport_road_electricity_demand,118.105,8.8763688
input_transport_road_bio_ethanol_demand,7842.636,0
input_transport_road_biodiesel_demand,35076.407,0
transport_final_demand_for_road_compressed_network_gas_demand,718.368,0
transport_final_demand_hydrogen_demand,0,0
transport_final_demand_for_road_lng_demand,0,0
transport_final_demand_for_road_bio_lng_demand,0,0
transport_road_mixer_gasoline_transport_car_using_gasoline_mix_parent_share,0.889743881,0.889743881
transport_road_mixer_gasoline_transport_van_using_gasoline_mix_parent_share,4.48E-05,0.0000448
transport_road_mixer_gasoline_transport_bus_using_gasoline_mix_parent_share,2.78E-05,0.0000278
transport_road_mixer_gasoline_transport_truck_using_gasoline_mix_parent_share,0.081696707,0.081696707
transport_road_mixer_gasoline_transport_motorcycle_using_gasoline_mix_parent_share,0.028486854,0.028486854
transport_road_mixer_diesel_transport_car_using_diesel_mix_parent_share,0.602991109,0.602991109
transport_road_mixer_diesel_transport_van_using_diesel_mix_parent_share,0.089238366,0.089238366
transport_road_mixer_diesel_transport_bus_using_diesel_mix_parent_share,0.03818388,0.03818388
transport_road_mixer_diesel_transport_truck_using_diesel_mix_parent_share,0.269586644,0.269586644
transport_final_demand_for_road_electricity_transport_car_using_electricity_parent_share,0.074734859,0.074734859
transport_final_demand_for_road_electricity_transport_van_using_electricity_parent_share,0.117223603,0.117223603
transport_final_demand_for_road_electricity_transport_bus_using_electricity_parent_share,0.538058074,0.538058074
transport_final_demand_for_road_electricity_transport_motorcycle_using_electricity_parent_share,0.269922046,0.269922046
transport_final_demand_for_road_electricity_transport_bicycle_using_electricity_parent_share,0,0
transport_final_demand_for_road_electricity_transport_truck_using_electricity_parent_share,6.14E-05,0.0000614
transport_road_mixer_compressed_network_gas_transport_bus_using_compressed_natural_gas_parent_share,0.652462009,0.652462009
transport_road_mixer_compressed_network_gas_transport_car_using_compressed_natural_gas_parent_share,0.11842239,0.11842239
transport_road_mixer_compressed_network_gas_transport_van_using_compressed_natural_gas_parent_share,0.201405283,0.201405283
transport_road_mixer_compressed_network_gas_transport_truck_using_compressed_natural_gas_parent_share,0.027710317,0.027710317
input_transport_road_car_hydrogen_share,0.536813886,0.536813886
transport_final_demand_for_road_hydrogen_transport_van_using_hydrogen_parent_share,0.463186114,0.463186114
transport_final_demand_for_road_hydrogen_transport_bus_using_hydrogen_parent_share,0,0
transport_final_demand_for_road_hydrogen_transport_truck_using_hydrogen_parent_share,0,0
transport_road_mixer_lng_transport_bus_using_lng_mix_parent_share,0,0
transport_road_mixer_lng_transport_truck_using_lng_mix_parent_share,1,1
transport_final_demand_for_road_lpg_transport_car_using_lpg_parent_share,0.954132681,0.954132681
transport_final_demand_for_road_lpg_transport_van_using_lpg_parent_share,0.045867319,0.045867319
file_carriers_natural_gas_co2_conversion_per_mj,0.066666667,0.066666667
file_carriers_crude_oil_co2_conversion_per_mj,0.085,0.085
file_carriers_coal_co2_conversion_per_mj,0.102777778,0.102777778
file_carriers_lignite_co2_conversion_per_mj,0.104166667,0.104166667
file_carriers_non_biogenic_waste_co2_conversion_per_mj,0.081944444,0.081944444
file_carriers_diesel_co2_conversion_per_mj,0.085,0.085
file_carriers_gasoline_co2_conversion_per_mj,0.087222222,0.087222222
file_carriers_heavy_fuel_oil_co2_conversion_per_mj,0.0774,0.0774
file_carriers_kerosene_co2_conversion_per_mj,0.0715,0.0715
file_carriers_lng_co2_conversion_per_mj,0.078055556,0.078055556
file_carriers_lpg_co2_conversion_per_mj,0.0667,0.0667
file_carriers_imported_electricity_co2_conversion_per_mj,0,0
file_carriers_imported_heat_co2_conversion_per_mj,0,0
co2_emission_1990,356.6350034,0
co2_emission_1990_aviation_bunkers,0.63963744,0
co2_emission_1990_marine_bunkers,1.26534552,0
energetic_emissions_other_ghg_households,2.65379112,0
energetic_emissions_other_ghg_buildings,0.09471676,0
energetic_emissions_other_ghg_transport,0.79877533,0
energetic_emissions_other_ghg_agriculture,1.24801423,0
energetic_emissions_other_ghg_industry,0.3188012,0
energetic_emissions_other_ghg_energy,18.23208199,0
non_energetic_emissions_co2_chemical_industry,1.14704657,0
non_energetic_emissions_co2_waste_management,0.46425096,0
non_energetic_emissions_co2_other_industry,14.89648864,0
non_energetic_emissions_co2_agriculture_manure,0.58131613,0
non_energetic_emissions_co2_agriculture_soil_cultivation,0.5413522,0
indirect_emissions_co2,0,0
non_energetic_emissions_other_ghg_chemical_industry,0.74301513,0
non_energetic_emissions_other_ghg_waste_management,11.52828221,0
non_energetic_emissions_other_ghg_other_industry,3.99348082,0
non_energetic_emissions_other_ghg_agriculture_manure,3.98487338,0
non_energetic_emissions_other_ghg_agriculture_soil_cultivation,14.8952171,0
non_energetic_emissions_other_ghg_agriculture_fermentation,12.699224,0
non_energetic_emissions_other_ghg_agriculture_other,0.03342635,0
total_land_area,311928,628
areable_land,157253,0
offshore_suitable_for_wind,16000,0
coast_line,2.297,0
analysis_year,2019,2015
lv_net_total_costs_present,37239553.58,37239553.58
mv_net_total_costs_present,32002741.35,32002741.35
hv_net_total_costs_present,18805974.56,18805974.56
lv_mv_trafo_total_costs_present,13266590.96,13266590.96
mv_hv_trafo_total_costs_present,11171866.07,11171866.07
offshore_net_costs_present,0,0
interconnection_net_costs_present,259777860.8,259777860.8
annual_infrastructure_cost_gas,970052293.6,14520000000
lv_net_spare_capacity,0.25,0.25
mv_net_spare_capacity,0.25,0.25
hv_net_spare_capacity,0.25,0.25
lv_mv_trafo_spare_capacity,0.25,0.25
mv_hv_trafo_spare_capacity,0.25,0.25
interconnector_capacity,10890,10890
lv_net_capacity_per_step,0.02,0.02
lv_net_costs_per_capacity_step,18320,18320
mv_net_capacity_per_step,0.2,0.2
mv_net_costs_per_capacity_step,138000,138000
hv_net_capacity_per_step,0.2,0.2
hv_net_costs_per_capacity_step,72800,72800
lv_mv_trafo_capacity_per_step,0.02,0.02
lv_mv_trafo_costs_per_capacity_step,4000,4000
mv_hv_trafo_capacity_per_step,0.2,0.2
mv_hv_trafo_costs_per_capacity_step,50000,50000
heat_length_of_distribution_pipelines_in_meter_per_residence_object_first_bracket,1.3,1.3
heat_length_of_distribution_pipelines_in_meter_per_residence_object_second_bracket,1.7,1.7
heat_length_of_distribution_pipelines_in_meter_per_residence_object_third_bracket,2,2
heat_length_of_distribution_pipelines_in_meter_per_residence_object_fourth_bracket,2.3,2.3
heat_length_of_distribution_pipelines_in_meter_per_residence_object_fifth_bracket,3.4,3.4
heat_length_of_connection_pipelines_in_meter_per_residence_first_bracket,0.1,0.1
heat_length_of_connection_pipelines_in_meter_per_residence_second_bracket,0.4,0.4
heat_length_of_connection_pipelines_in_meter_per_residence_third_bracket,0.7,0.7
heat_length_of_connection_pipelines_in_meter_per_residence_fourth_bracket,1.1,1.1
heat_length_of_connection_pipelines_in_meter_per_residence_fifth_bracket,2,2
energy_power_combined_cycle_network_gas_full_load_hours,0,8000
energy_power_ultra_supercritical_network_gas_full_load_hours,0,8000
energy_power_turbine_network_gas_full_load_hours,0,8000
energy_power_engine_network_gas_full_load_hours,1126,1126
energy_power_supercritical_coal_full_load_hours,0,8000
energy_power_combined_cycle_coal_gas_full_load_hours,1789,1789
energy_power_ultra_supercritical_ccs_coal_full_load_hours,4000,4000
energy_power_ultra_supercritical_coal_full_load_hours,0,8000
energy_power_ultra_supercritical_cofiring_coal_full_load_hours,5400,5400
energy_power_ultra_supercritical_lignite_full_load_hours,322.395281,322.395281
energy_power_ultra_supercritical_oxyfuel_ccs_lignite_full_load_hours,7500,7500
energy_power_engine_diesel_full_load_hours,4000,4000
energy_power_ultra_supercritical_crude_oil_full_load_hours,0,8000
energy_power_nuclear_gen2_uranium_oxide_full_load_hours,0,8000
energy_power_nuclear_gen3_uranium_oxide_full_load_hours,8000,8000
energy_power_wind_turbine_inland_full_load_hours,2231.6913,2231.6913
energy_power_wind_turbine_coastal_full_load_hours,2231.6913,2231.6913
energy_power_wind_turbine_offshore_full_load_hours,2231.6913,2231.6913
input_solar_panels_roofs_and_parks_full_load_hours,850.7321128,850.7321128
energy_power_geothermal_full_load_hours,0,8000
energy_power_hydro_mountain_full_load_hours,2737.390214,2737.390214
energy_power_hydro_river_full_load_hours,0,8000
energy_power_supercritical_waste_mix_full_load_hours,0,8000
energy_power_supercritical_ccs_waste_mix_full_load_hours,4100,4100
flh_solar_pv_solar_radiation_max,1361.356345,1361.356345
energy_chp_coal_gas_full_load_hours,5320,5320
industry_chp_turbine_gas_power_fuelmix_full_load_hours,1843.333333,8402.910152
industry_chp_engine_gas_power_fuelmix_full_load_hours,1843.333333,8402.910152
industry_chp_combined_cycle_gas_power_fuelmix_full_load_hours,1843.333333,8402.910152
energy_chp_local_engine_network_gas_full_load_hours,5265,8402.910152
energy_chp_combined_cycle_network_gas_full_load_hours,5265,8402.910152
energy_chp_ultra_supercritical_cofiring_coal_full_load_hours,5350,5350
energy_chp_ultra_supercritical_coal_full_load_hours,5350,4099.990909
energy_chp_ultra_supercritical_lignite_full_load_hours,5350,4099.990909
industry_chp_ultra_supercritical_coal_full_load_hours,5350,4099.990909
energy_chp_local_engine_biogas_full_load_hours,8500,8500
energy_chp_local_wood_pellets_full_load_hours,6000,4099.990909
industry_chp_wood_pellets_full_load_hours,6000,4099.990909
energy_chp_supercritical_waste_mix_full_load_hours,4390,4099.990909
energy_heat_burner_coal_full_load_hours,6000,6000
industry_heat_burner_coal_full_load_hours,6000,6000
industry_heat_burner_crude_oil_full_load_hours,6000,6000
energy_heat_burner_crude_oil_full_load_hours,6000,6000
energy_heat_burner_network_gas_full_load_hours,6000,6000
industry_heat_burner_lignite_full_load_hours,6000,6000
energy_heat_burner_wood_pellets_full_load_hours,6000,6000
energy_heat_solar_thermal_full_load_hours,881.7,881.7
energy_heat_burner_waste_mix_full_load_hours,6000,6000
energy_heat_heatpump_water_water_electricity_full_load_hours,6000,6000
energy_extraction_coal_demand,1458956.607,0
energy_extraction_lignite_demand,397998.395,0
energy_extraction_crude_oil_demand,42225.585,0
energy_extraction_natural_gas_demand,143467.244,0
energy_extraction_uranium_oxide_demand,0,0
energy_power_sector_own_use_electricity_demand,45451.915,331.6698413
energy_power_hv_network_loss_demand,32223.6,3970.742857
energy_distribution_greengas_demand,15780.296,0
energy_regasification_lng_energy_national_gas_network_natural_gas_demand,0,0
energy_distribution_network_gas_loss_demand,431.046,0
input_energy_power_supercritical_coal_electricity_output_conversion,36,36
input_energy_power_ultra_supercritical_coal_electricity_output_conversion,46,46
input_energy_power_ultra_supercritical_ccs_coal_electricity_output_conversion,36.1,36.1
input_energy_power_ultra_supercritical_cofiring_coal_electricity_output_conversion,42,42
input_energy_power_combined_cycle_coal_electricity_output_conversion,45.3,45.3
input_energy_power_combined_cycle_ccs_coal_electricity_output_conversion,37.3,37.3
input_energy_power_ultra_supercritical_lignite_electricity_output_conversion,42.59462688,42.59462688
input_energy_power_ultra_supercritical_oxyfuel_ccs_lignite_electricity_output_conversion,30.5,30.5
input_energy_chp_ultra_supercritical_cofiring_coal_electricity_output_conversion,37,37
input_energy_chp_ultra_supercritical_cofiring_coal_steam_hot_water_output_conversion,14,14
input_energy_chp_ultra_supercritical_coal_electricity_output_conversion,34.45363495,0.402
input_energy_chp_ultra_supercritical_coal_steam_hot_water_output_conversion,16.90615446,0.198
input_industry_chp_ultra_supercritical_coal_electricity_output_conversion,34.45363495,34.45363495
input_industry_chp_ultra_supercritical_coal_steam_hot_water_output_conversion,16.90615446,16.90615446
input_energy_chp_ultra_supercritical_lignite_electricity_output_conversion,38.24866272,38.24866272
input_energy_chp_ultra_supercritical_lignite_steam_hot_water_output_conversion,0.936714987,0.936714987
input_energy_power_turbine_network_gas_electricity_output_conversion,34,34
input_energy_power_combined_cycle_network_gas_electricity_output_conversion,60,60
input_energy_power_combined_cycle_ccs_network_gas_electricity_output_conversion,49,49
input_energy_power_ultra_supercritical_network_gas_electricity_output_conversion,40,40
input_energy_power_engine_network_gas_electricity_output_conversion,48,48
input_energy_chp_local_engine_network_gas_electricity_output_conversion,61.57010508,61.57010508
input_energy_chp_local_engine_network_gas_steam_hot_water_output_conversion,56.79345796,56.79345796
input_energy_chp_combined_cycle_network_gas_electricity_output_conversion,62.72907177,0.5427
input_energy_chp_combined_cycle_network_gas_steam_hot_water_output_conversion,24.5530153,0.2673
input_industry_chp_turbine_gas_power_fuelmix_electricity_output_conversion,39.11512558,39.11512558
input_industry_chp_turbine_gas_power_fuelmix_steam_hot_water_output_conversion,26.31745713,26.31745713
input_industry_chp_engine_gas_power_fuelmix_electricity_output_conversion,61.57010508,61.57010508
input_industry_chp_engine_gas_power_fuelmix_steam_hot_water_output_conversion,56.79345796,56.79345796
input_industry_chp_combined_cycle_gas_power_fuelmix_electricity_output_conversion,62.72907177,62.72907177
input_industry_chp_combined_cycle_gas_power_fuelmix_steam_hot_water_output_conversion,24.5530153,24.5530153
input_energy_power_ultra_supercritical_crude_oil_electricity_output_conversion,39.88724454,39.88724454
input_energy_power_engine_diesel_electricity_output_conversion,38,38
input_energy_power_supercritical_waste_mix_electricity_output_conversion,25,25
input_energy_power_supercritical_ccs_waste_mix_electricity_output_conversion,27,27
input_energy_power_nuclear_gen2_uranium_oxide_electricity_output_conversion,32,32
input_energy_power_nuclear_gen3_uranium_oxide_electricity_output_conversion,36,36
input_energy_chp_local_engine_biogas_electricity_output_conversion,43,43
input_energy_chp_local_engine_biogas_steam_hot_water_output_conversion,47,47
input_energy_chp_local_wood_pellets_electricity_output_conversion,33.21808512,33.21808512
input_energy_chp_local_wood_pellets_steam_hot_water_output_conversion,23.92880366,23.92880366
input_energy_chp_supercritical_waste_mix_electricity_output_conversion,20.42910058,20.42910058
input_energy_chp_supercritical_waste_mix_steam_hot_water_output_conversion,34.44657805,34.44657805
input_industry_chp_wood_pellets_electricity_output_conversion,33.21808512,33.21808512
input_industry_chp_wood_pellets_steam_hot_water_output_conversion,23.92880366,23.92880366
input_energy_heat_burner_wood_pellets_steam_hot_water_output_conversion,80.87070784,80.87070784
input_energy_heat_burner_coal_steam_hot_water_output_conversion,87.11335943,87.11335943
input_energy_heat_burner_hydrogen_steam_hot_water_output_conversion,110,110
input_energy_heat_burner_crude_oil_steam_hot_water_output_conversion,87.36458791,87.36458791
input_energy_heat_burner_network_gas_steam_hot_water_output_conversion,84.81735619,84.81735619
input_energy_heat_burner_waste_mix_steam_hot_water_output_conversion,70.55532173,70.55532173
input_industry_heat_burner_lignite_steam_hot_water_output_conversion,107.881748,107.881748
input_industry_heat_burner_coal_steam_hot_water_output_conversion,87.11335943,87.11335943
input_industry_heat_burner_crude_oil_steam_hot_water_output_conversion,87.36458791,87.36458791
input_energy_power_ultra_supercritical_coal_production,0,0
input_energy_power_supercritical_coal_production,0,0
input_energy_power_combined_cycle_coal_production,0,0
input_energy_power_ultra_supercritical_cofiring_coal_production,0,0
input_energy_power_combined_cycle_ccs_coal_production,0,0
input_energy_power_ultra_supercritical_ccs_coal_production,0,0
input_energy_chp_ultra_supercritical_coal_production,230574.9821,46784.05097
input_energy_chp_ultra_supercritical_cofiring_coal_production,0,0
input_energy_power_ultra_supercritical_lignite_production,8755.74,0
input_energy_chp_ultra_supercritical_lignite_production,143110.184,0
input_energy_power_ultra_supercritical_oxyfuel_ccs_lignite_production,0,0
input_energy_power_ultra_supercritical_network_gas_production,0,0
input_energy_power_turbine_network_gas_production,0,0
input_energy_power_engine_network_gas_production,0,0
input_energy_power_combined_cycle_network_gas_production,0,0
input_energy_power_combined_cycle_ccs_network_gas_production,0,0
input_energy_chp_combined_cycle_network_gas_production,53208.30889,8208.694231
input_energy_chp_local_engine_network_gas_production,4220.684359,0
input_energy_power_nuclear_gen2_uranium_oxide_production,0,0
input_energy_power_nuclear_gen3_uranium_oxide_production,0,0
input_energy_power_ultra_supercritical_crude_oil_production,33.394,0
input_energy_power_engine_diesel_production,0,0
input_energy_heat_burner_wood_pellets_production,3253.858,0
input_energy_heat_well_geothermal_production,0,0
input_energy_heat_burner_waste_mix_production,313.478,0
input_energy_heat_burner_hydrogen_production,0,0
input_energy_heat_solar_thermal_production,0,0
input_energy_heat_heatpump_water_water_electricity_production,0,0
input_energy_heat_burner_network_gas_production,7000.258,11564.11111
input_energy_heat_burner_coal_production,13281.37717,0
input_energy_heat_burner_crude_oil_production,98.82128538,0
energy_import_heat_demand,0,0
energy_heat_distribution_loss_demand,26786.043,5526.72
input_energy_power_wind_turbine_inland_production,54384.332,0
input_energy_power_wind_turbine_coastal_production,0,0
input_energy_power_wind_turbine_offshore_production,0,0
input_energy_power_solar_pv_solar_radiation_production,2558.423,0
input_energy_power_solar_csp_solar_radiation_production,0,0
input_energy_power_supercritical_waste_mix_production,0,0
input_energy_chp_supercritical_waste_mix_production,2421.714,0
input_energy_power_supercritical_ccs_waste_mix_production,0,0
input_energy_chp_local_wood_pellets_production,14805.03574,0
input_energy_chp_local_engine_biogas_production,4086.036,0
input_energy_power_hydro_river_production,0,841.8738462
input_energy_power_hydro_mountain_production,9593.576,0
input_energy_power_geothermal_production,0,0
energy_greengas_gasification_dry_biomass_energy_distribution_greengas_child_share,0,0
energy_greengas_gasification_wet_biomass_energy_distribution_greengas_child_share,0,0
energy_greengas_upgrade_biogas_energy_distribution_greengas_child_share,1,1
energy_distribution_biogenic_waste_energy_distribution_waste_mix_child_share,0.167121572,0.167121572
energy_distribution_non_biogenic_waste_energy_distribution_waste_mix_child_share,0.832878428,0.832878428
energy_production_dry_biomass_max_demand,34630.002,0
energy_production_wet_biomass_max_demand,185899.4892,0
energy_production_oily_biomass_max_demand,350004.4488,0
other_final_demand_electricity_demand,0,0
other_final_demand_network_gas_demand,16380.163,0
other_final_demand_steam_hot_water_demand,0,0
other_final_demand_wood_pellets_demand,0,0
other_final_demand_coal_demand,0,0
other_final_demand_crude_oil_demand,4.171,0
other_final_demand_crude_oil_non_energetic_demand,17063.684,0
number_of_inhabitants,37960346,1703400
number_of_residences,13773665,643417
residences_roof_surface_available_for_pv,158.5234045,7.405193413
input_percentage_of_apartments,0.770773639,83.2062301
input_percentage_of_terraced_houses,0,0
input_percentage_of_corner_houses,0,0
input_percentage_of_semi_detached_houses,0.051575931,0
input_percentage_of_detached_houses,0.17765043,16.7937699
input_households_apartments_heat_demand_reduction,0,0
input_households_terraced_houses_heat_demand_reduction,0,0
input_households_corner_houses_heat_demand_reduction,0,0
input_households_semi_detached_houses_heat_demand_reduction,0,0
input_households_detached_houses_heat_demand_reduction,0,0
heat_share_of_apartments_with_block_heating,0.15,0.15
input_households_solar_pv_demand,0,0
households_final_demand_solar_thermal_demand,2763.692,0
households_final_demand_electricity_households_final_demand_for_cooking_electricity_parent_share,0.228644896,0.228644896
households_final_demand_electricity_households_final_demand_for_cooling_electricity_parent_share,0.002915266,0.002915266
households_final_demand_electricity_households_final_demand_for_hot_water_electricity_parent_share,0.104316472,0.104316472
households_final_demand_electricity_households_final_demand_for_lighting_electricity_parent_share,0.035626734,0.035626734
households_final_demand_electricity_households_final_demand_for_space_heating_electricity_parent_share,0.081359559,0.081359559
households_final_demand_electricity_households_final_demand_for_appliances_electricity_parent_share,0.547137072,0.547137072
households_final_demand_network_gas_households_final_demand_for_cooking_network_gas_parent_share,0.165036274,0.165036274
households_final_demand_network_gas_households_final_demand_for_hot_water_network_gas_parent_share,0.175217255,0.175217255
households_final_demand_network_gas_households_final_demand_for_space_heating_network_gas_parent_share,0.654684682,0.654684682
households_final_demand_network_gas_households_final_demand_for_cooling_network_gas_parent_share,0.005061789,0.005061789
households_final_demand_steam_hot_water_households_final_demand_for_hot_water_steam_hot_water_parent_share,0.154089549,0.154089549
households_final_demand_steam_hot_water_households_final_demand_for_space_heating_steam_hot_water_parent_share,0.845910451,0.845910451
households_final_demand_wood_pellets_households_final_demand_for_hot_water_wood_pellets_parent_share,0.158157029,0.158157029
households_final_demand_wood_pellets_households_final_demand_for_space_heating_wood_pellets_parent_share,0.840004134,0.840004134
households_final_demand_wood_pellets_households_final_demand_for_cooking_wood_pellets_parent_share,0.001838837,0.001838837
households_final_demand_crude_oil_households_final_demand_for_space_heating_crude_oil_parent_share,0.141135498,0.141135498
households_final_demand_crude_oil_households_final_demand_for_hot_water_crude_oil_parent_share,0.858864502,0.858864502
households_final_demand_coal_households_final_demand_for_space_heating_coal_parent_share,0.848890055,0.848890055
households_final_demand_coal_households_final_demand_for_hot_water_coal_parent_share,0.151109945,0.151109945
households_final_demand_for_space_heating_network_gas_households_space_heater_combined_network_gas_parent_share,0.967780554,0.967780554
households_final_demand_for_space_heating_network_gas_households_space_heater_network_gas_parent_share,0,0
households_final_demand_for_space_heating_network_gas_households_space_heater_hybrid_heatpump_air_water_electricity_parent_share,0.032219446,0.032219446
households_final_demand_for_space_heating_electricity_households_space_heater_electricity_parent_share,0.089067099,0.089067099
households_final_demand_for_space_heating_electricity_households_space_heater_heatpump_air_water_electricity_parent_share,0.551103486,0.551103486
households_final_demand_for_space_heating_electricity_households_space_heater_hybrid_heatpump_air_water_electricity_parent_share,0.103181786,0.103181786
households_final_demand_for_space_heating_electricity_households_space_heater_heatpump_ground_water_electricity_parent_share,0.256647628,0.256647628
households_final_demand_for_cooking_electricity_households_cooker_halogen_electricity_parent_share,0.71,0.71
households_final_demand_for_cooking_electricity_households_cooker_induction_electricity_parent_share,0.19,0.19
households_final_demand_for_cooking_electricity_households_cooker_resistive_electricity_parent_share,0.1,0.1
households_final_demand_for_lighting_electricity_households_lighting_incandescent_electricity_parent_share,0.83,0.603
households_final_demand_for_lighting_electricity_households_lighting_efficient_fluorescent_electricity_parent_share,0.16,0.148
households_final_demand_for_lighting_electricity_households_lighting_led_electricity_parent_share,0.01,0.249
households_final_demand_for_appliances_electricity_households_appliances_clothes_dryer_electricity_parent_share,0.012446337,0.012446337
households_final_demand_for_appliances_electricity_households_appliances_computer_media_electricity_parent_share,0.10548782,0.10548782
households_final_demand_for_appliances_electricity_households_appliances_dishwasher_electricity_parent_share,0.033265111,0.033265111
households_final_demand_for_appliances_electricity_households_appliances_fridge_freezer_electricity_parent_share,0.318918861,0.318918861
households_final_demand_for_appliances_electricity_households_appliances_other_electricity_parent_share,0.073337096,0.073337096
households_final_demand_for_appliances_electricity_households_appliances_television_electricity_parent_share,0.280908434,0.280908434
households_final_demand_for_appliances_electricity_households_appliances_vacuum_cleaner_electricity_parent_share,0.07,0.07
households_final_demand_for_appliances_electricity_households_appliances_washing_machine_electricity_parent_share,0.105636342,0.105636342
households_final_demand_for_cooling_electricity_households_cooling_airconditioning_electricity_parent_share,0.98,0.98
households_final_demand_for_cooling_electricity_households_cooling_heatpump_ground_water_electricity_parent_share,0.02,0.02
households_final_demand_for_cooling_electricity_households_cooling_heatpump_air_water_electricity_parent_share,0,0
households_final_demand_electricity_demand,105815.808,6764.472
households_final_demand_network_gas_demand,152348.126,14656.356
households_final_demand_steam_hot_water_demand,152787.798,14280.552
households_final_demand_wood_pellets_demand,219724.287,29.49664865
households_final_demand_coal_demand,208451.839,1879.02
input_households_final_demand_crude_oil_demand,27175,0
input_percentage_of_diesel_households_final_demand_crude_oil,0.102851886,0.1
input_percentage_of_biodiesel_households_final_demand_crude_oil,0,0
input_percentage_of_kerosene_households_final_demand_crude_oil,0,0
input_percentage_of_bio_kerosene_households_final_demand_crude_oil,0,0
input_percentage_of_lpg_households_final_demand_crude_oil,0.897148114,0.9
input_percentage_of_bio_oil_households_final_demand_crude_oil,0,0
input_percentage_of_crude_oil_households_final_demand_crude_oil,0,0
input_industry_metal_aluminium_production,0,0
input_industry_aluminium_electrolysis_current_electricity_share,1,1
input_industry_aluminium_smeltoven_electricity_share,0,0
input_industry_metal_aluminium_electricity_demand,0,0
input_industry_metal_aluminium_network_gas_demand,0,0
industry_final_demand_for_metal_aluminium_electricity_industry_aluminium_electrolysis_current_electricity_parent_share,1,1
industry_final_demand_for_metal_aluminium_electricity_industry_aluminium_smeltoven_electricity_parent_share,0,0
industry_aluminium_burner_network_gas_industry_aluminium_electrolysis_current_electricity_parent_share,1,1
industry_aluminium_burner_network_gas_industry_aluminium_smeltoven_electricity_parent_share,0,0
input_industry_metal_steel_production,8.956,0
input_industry_steel_blastfurnace_bof_share,0.549,0.549
input_industry_steel_scrap_hbi_eaf_share,,0
input_industry_metal_steel_coal_demand,5929.584,341.46684
input_industry_metal_steel_cokes_demand,1066.077,0
input_industry_metal_steel_coal_gas_demand,55065.56,0
input_industry_metal_steel_electricity_demand,25005.096,735.46704
input_industry_metal_steel_network_gas_demand,21229.757,341.46684
input_industry_metal_steel_steam_hot_water_demand,5095.207,332.71128
input_industry_metal_steel_crude_oil_demand,231.128,0
input_industry_metal_steel_wood_pellets_demand,0.718,0
input_energy_cokesoven_transformation_coal_input_demand,353710.845,0
input_energy_cokesoven_transformation_cokes_output_conversion,0.705805478,0.705805478
input_energy_cokesoven_transformation_coal_gas_output_conversion,0.190271771,0.190271771
input_energy_cokesoven_transformation_loss_output_conversion,,0
input_energy_blastfurnace_transformation_coal_input_demand,70299.365,70299.365
input_energy_blastfurnace_transformation_cokes_input_demand,59263.064,59263.064
input_energy_blastfurnace_transformation_coal_gas_output_conversion,0.213398052,0.213398052
input_energy_blastfurnace_transformation_loss_output_conversion,,0
input_energy_power_combined_cycle_coal_gas_coal_gas_input_demand,0,0
input_energy_chp_coal_gas_coal_gas_input_demand,36288.856,36288.856
input_energy_power_combined_cycle_coal_gas_electricity_output_conversion,0.4,0.4
input_energy_power_combined_cycle_coal_gas_loss_output_conversion,,0
input_energy_chp_coal_gas_electricity_output_conversion,0.228959408,0.228959408
input_energy_chp_coal_gas_steam_hot_water_output_conversion,0.354357024,0.354357024
input_energy_chp_coal_gas_loss_output_conversion,,0
industry_final_demand_for_metal_steel_coal_industry_steel_blastfurnace_bof_parent_share,0.887771781,0.887771781
industry_final_demand_for_metal_steel_coal_industry_steel_scrap_hbi_eaf_parent_share,,0
industry_final_demand_for_metal_steel_cokes_industry_steel_blastfurnace_bof_parent_share,1,1
industry_final_demand_for_metal_steel_cokes_industry_steel_scrap_hbi_eaf_parent_share,,0
industry_final_demand_for_metal_steel_crude_oil_industry_steel_blastfurnace_bof_parent_share,1,1
industry_final_demand_for_metal_steel_crude_oil_industry_steel_scrap_hbi_eaf_parent_share,,0
industry_final_demand_for_metal_steel_electricity_industry_steel_blastfurnace_bof_parent_share,0.285307143,0.285307143
industry_final_demand_for_metal_steel_electricity_industry_steel_scrap_hbi_eaf_parent_share,,0
industry_final_demand_for_metal_steel_network_gas_industry_steel_blastfurnace_bof_parent_share,0.153237763,0.153237763
industry_final_demand_for_metal_steel_network_gas_industry_steel_scrap_hbi_eaf_parent_share,,0
industry_final_demand_for_metal_steel_steam_hot_water_industry_steel_blastfurnace_bof_parent_share,1,1
industry_final_demand_for_metal_steel_steam_hot_water_industry_steel_scrap_hbi_eaf_parent_share,,0
industry_final_demand_for_metal_steel_wood_pellets_industry_steel_blastfurnace_bof_parent_share,1,1
industry_final_demand_for_metal_steel_wood_pellets_industry_steel_scrap_hbi_eaf_parent_share,,0
industry_useful_demand_for_chemical_other_useable_heat_industry_chemicals_other_processes_potential_residual_heat_parent_share,0.16,0.16
industry_useful_demand_for_chemical_other_useable_heat_industry_chemicals_other_flue_gasses_potential_residual_heat_parent_share,0.11,0.11
industry_useful_demand_for_chemical_other_useable_heat_industry_chemicals_other_used_heat_parent_share,0.73,0.73
industry_useful_demand_for_chemical_refineries_useable_heat_industry_chemicals_refineries_processes_potential_residual_heat_parent_share,0.29,0.29
industry_useful_demand_for_chemical_refineries_useable_heat_industry_chemicals_refineries_flue_gasses_potential_residual_heat_parent_share,0.18,0.18
industry_useful_demand_for_chemical_refineries_useable_heat_industry_chemicals_refineries_used_heat_parent_share,0.53,0.53
industry_chemicals_fertilizers_haber_bosch_process_hydrogen_industry_chemicals_fertilizers_processes_potential_residual_heat_parent_share,0.04,0.04
industry_chemicals_fertilizers_haber_bosch_process_hydrogen_industry_chemicals_fertilizers_flue_gasses_potential_residual_heat_parent_share,0.03,0.03
industry_chemicals_fertilizers_haber_bosch_process_hydrogen_industry_chemicals_fertilizers_used_heat_parent_share,0.93,0.93
industry_useful_demand_for_other_ict_electricity_industry_other_ict_potential_residual_heat_from_servers_electricity_parent_share,0.77,0.77
industry_useful_demand_for_other_ict_electricity_industry_other_ict_other_systems_electricity_parent_share,0.23,0.23
industry_chp_combined_cycle_gas_power_fuelmix_demand,15772.88632,0
industry_chp_engine_gas_power_fuelmix_demand,1274.716357,0
industry_chp_turbine_gas_power_fuelmix_demand,11832.56564,0
industry_chp_ultra_supercritical_coal_demand,124445.0751,0
industry_chp_wood_pellets_demand,8287.727152,0
industry_heat_burner_lignite_demand,310.794,0
industry_heat_burner_coal_demand,15246.0854,0
industry_heat_well_geothermal_demand,0,0
industry_heat_burner_crude_oil_demand,113.1136628,0
input_share_mixer_gas_fuel_bio_oil,0.001164779,0.001164779
input_share_mixer_gas_fuel_oil,0.510340377,0.510340377
input_share_mixer_gas_fuel_network_gas,0.488494844,0.488494844
input_percentage_of_diesel_industry_final_demand_crude_oil,0.35277383,0.35277383
input_percentage_of_biodiesel_industry_final_demand_crude_oil,0,0
input_percentage_of_kerosene_industry_final_demand_crude_oil,0.000455906,0.000455906
input_percentage_of_bio_kerosene_industry_final_demand_crude_oil,0,0
input_percentage_of_lpg_industry_final_demand_crude_oil,0.092944616,0.092944616
input_percentage_of_bio_oil_industry_final_demand_crude_oil,9.68E-06,9.67937E-06
input_percentage_of_crude_oil_industry_final_demand_crude_oil,0.553815968,0.553815968
input_industry_food_electricity_demand,27071.341,5444.294764
input_industry_food_network_gas_demand,35953.503,2527.708283
input_industry_food_steam_hot_water_demand,2448.253,2462.89525
input_industry_food_wood_pellets_demand,780.13,0
input_industry_food_crude_oil_demand,2920.419,0
input_industry_food_coal_demand,23123.665,2527.708283
industry_final_demand_for_other_food_electricity_industry_useful_demand_for_other_food_electricity_parent_share,1,1
industry_final_demand_for_other_food_electricity_industry_other_food_heater_electricity_parent_share,0,0
input_industry_other_electricity_demand,146147.791,5299.652912
input_industry_other_network_gas_demand,92804.133,2460.553138
input_industry_other_steam_hot_water_demand,31504.874,2397.462032
input_industry_other_wood_pellets_demand,35675.504,0
input_industry_other_crude_oil_demand,15064.614,0
input_industry_other_coal_demand,28163.618,2460.553138
input_industry_other_cokes_demand,5825.775,0
input_industry_other_network_gas_non_energetic_demand,0,0
input_industry_other_wood_pellets_non_energetic_demand,0,0
input_industry_other_crude_oil_non_energetic_demand,49617.31236,0
input_industry_other_coal_non_energetic_demand,0,0
input_industry_other_cokes_non_energetic_demand,0,0
input_industry_ict_electricity_demand,18312,0
industry_useful_demand_for_chemical_refineries_crude_oil_non_energetic_demand,1231896.108,0
input_industry_chemical_refineries_wood_pellets_non_energetic_demand,0,0
input_industry_chemical_refineries_network_gas_non_energetic_demand,0,0
input_industry_chemical_refineries_coal_non_energetic_demand,0,113.82228
input_industry_chemical_refineries_electricity_demand,6288.095,245.15568
input_industry_chemical_refineries_network_gas_demand,42920.26,113.82228
input_industry_chemical_refineries_steam_hot_water_demand,32.509,110.90376
input_industry_chemical_refineries_wood_pellets_demand,0,0
input_industry_chemical_refineries_coal_demand,694.681,0
input_industry_chemical_refineries_crude_oil_demand,31652.59,0
input_industry_refinery_transformation_crude_oil_other_oil_demand,221150.909,0
input_industry_refinery_transformation_crude_oil_gasoline_demand,186892.443,0
input_industry_refinery_transformation_crude_oil_heavy_fuel_oil_demand,127361.759,0
input_industry_refinery_transformation_crude_oil_kerosene_demand,56818.351,0
input_industry_refinery_transformation_crude_oil_lpg_demand,28993.432,0
input_industry_refinery_transformation_crude_oil_refinery_gas_demand,34747.565,0
input_industry_refinery_transformation_crude_oil_diesel_demand,552948.653,0
energy_distribution_crude_oil_loss_demand,0,0
input_industry_metal_other_electricity_demand,9112.586,0
input_industry_metal_other_network_gas_demand,7958.404,0
input_industry_metal_other_steam_hot_water_demand,806.026,0
input_industry_metal_other_crude_oil_demand,533.225,0
input_industry_metal_other_coal_demand,748.378,0
input_industry_chemical_fertilizers_electricity_demand,2735.174342,0
input_industry_chemical_fertilizers_network_gas_demand,14970.317,0
input_industry_chemical_fertilizers_steam_hot_water_demand,0,0
input_industry_chemical_fertilizers_wood_pellets_demand,0,0
input_industry_chemical_fertilizers_crude_oil_demand,0,0
input_industry_chemical_fertilizers_coal_demand,0,0
input_industry_chemical_fertilizers_network_gas_non_energetic_demand,58259.21349,0
input_industry_chemical_fertilizers_wood_pellets_non_energetic_demand,0,0
input_industry_chemical_fertilizers_crude_oil_non_energetic_demand,0,0
input_industry_chemical_fertilizers_coal_non_energetic_demand,0,0
input_industry_chemical_fertilizers_hydrogen_non_energetic_demand,0,0
input_industry_chemical_other_electricity_demand,29845.12466,0
input_industry_chemical_other_network_gas_demand,0,0
input_industry_chemical_other_steam_hot_water_demand,13811.702,0
input_industry_chemical_other_wood_pellets_demand,369.611,0
input_industry_chemical_other_crude_oil_demand,18412.274,0
input_industry_chemical_other_coal_demand,48163.767,0
input_industry_chemical_other_network_gas_non_energetic_demand,20076.70451,0
input_industry_chemical_other_wood_pellets_non_energetic_demand,0,0
input_industry_chemical_other_crude_oil_non_energetic_demand,86501.93964,0
input_industry_chemical_other_coal_non_energetic_demand,486.7634271,0
input_industry_paper_electricity_demand,17863.798,288.057924
input_industry_paper_network_gas_demand,10040.401,133.741179
input_industry_paper_steam_hot_water_demand,2469.575,130.311918
input_industry_paper_wood_pellets_demand,38624.929,0
input_industry_paper_crude_oil_demand,1724.502,0
input_industry_paper_coal_demand,7751,133.741179
industry_final_demand_for_other_paper_electricity_industry_useful_demand_for_other_paper_electricity_parent_share,1,1
industry_final_demand_for_other_paper_electricity_industry_other_paper_heater_electricity_parent_share,0,0